:table Region	지역이다. 장기 진행 구조를 만든다.
:field	region_id	name	order	state	theme_element	background	fog_color	requirement_group_id
:type	string	string (text=World)	int (min=1)	RegionState	Element	string (asset=model)	color	foreign RequirementGroup?
:desc	식별자	표시 이름	진행 순서	해금 상태의 초기값	그 지역에 많은 속성	배경	안개 색	해금 조건. 첫 지역은 비운다
:target	c,s	c	c,s	c,s	c,s	c	c	c,s
	weir_forest	여울숲	1	Open	Leaf	bg_weir_forest	#C8DCC0	-
	salt_coast	소금해안	2	Locked	Tide	bg_salt_coast	#BFD6E4	req_region_salt_coast
	ashen_crater	재의 화구	3	Locked	Flame	bg_ashen_crater	#E0BFAE	req_region_ashen_crater
	frost_ridge	서릿능선	4	Locked	Arc	bg_frost_ridge	#D2DEE8	req_region_frost_ridge
	sunken_temple	잠긴 신전	5	Locked	Umbra	bg_sunken_temple	#C3B8D6	req_region_sunken_temple
