:table	ShopSlot_Package	패키지 상점의 판매 항목이다.
:field	shop_slot_id	shop_id	slot_index	reward_group_id	cost	stock
:type	string	foreign Shop	int (min=0, max=11)	foreign RewardGroup	Cost	int (min=1, max=99)
:desc	식별자	어느 상점인가	표시 자리	판매 내용	가격. 셀 하나에 `재화,수량`	재고
:target	c,s	c,s	c,s	c,s	c,s	c,s
	slot_package_00	shop_package	0	rg_shop_package_00	gold,500	3
	slot_package_01	shop_package	1	rg_shop_package_01	gold,750	4
	slot_package_02	shop_package	2	rg_shop_package_02	gold,1000	5
	slot_package_03	shop_package	3	rg_shop_package_03	gold,1250	6
	slot_package_04	shop_package	4	rg_shop_package_04	gold,1500	3
	slot_package_05	shop_package	5	rg_shop_package_05	gold,1750	4
